Store,Date,Temperature,Fuel_Price,MarkDown1,MarkDown2,MarkDown3,MarkDown4,MarkDown5,CPI,Unemployment,IsHoliday
1,2010-03-12,57.79,2.667,,,,,,211.3806429,8.106,False
1,2010-05-28,80.44,2.759,,,,,,210.8967606,7.808,False
1,2010-05-28,80.44,2.759,,,,,,210.8967606,7.808,False
1,2010-07-02,80.91,2.669,,,,,,211.2235333,7.787,False
1,2010-08-06,87.16,2.627,,,,,,211.5046621,7.787,False
1,2010-10-01,71.89,2.603,,,,,,211.6719895,7.838,False
1,2010-10-08,63.93,2.633,,,,,,211.7467544,7.838,False
1,2010-12-24,52.33,2.886,,,,,,211.4051222,7.838,False
1,2011-01-07,48.27,2.976,,,,,,211.4047419,7.742,False
1,2011-05-20,67.63,3.907,,,,,,215.7339202,7.682,False
1,2011-06-17,86.41,3.637,,,,,,214.9980596,7.682,False
1,2011-07-15,88.54,3.575,,,,,,215.3611087,7.962,False
1,2011-07-22,85.77,3.651,,,,,,215.4222784,7.962,False
1,2011-08-26,87.96,3.523,,,,,,215.7332258,7.962,False
1,2011-10-07,69.31,3.285,,,,,,217.0453684,7.866,False
1,2011-10-07,69.31,3.285,,,,,,217.0453684,7.866,False
1,2011-10-21,63.71,3.353,,,,,,217.5159762,7.866,False
1,2011-11-11,59.11,3.297,10382.9,6115.67,215.07,2406.62,6551.42,217.9980849,7.866,False
1,2011-11-18,62.25,3.308,6074.12,254.39,51.98,427.39,5988.57,218.2205088,7.866,False
1,2012-01-27,54.26,3.29,1164.46,1082.74,44.0,11.0,1222.19,220.0788523,7.348,False
1,2012-03-23,65.93,3.787,6118.56,9.48,4.97,426.72,3657.22,221.2864126,7.348,False
1,2012-04-13,69.07,3.891,6186.19,3288.69,17.07,1822.55,1063.78,221.5102105,7.143,False
1,2012-04-13,69.07,3.891,6186.19,3288.69,17.07,1822.55,1063.78,221.5102105,7.143,False
1,2012-06-15,79.35,3.393,5621.99,109.6,0.25,2420.28,3083.26,221.7626421,7.143,False
1,2012-08-03,86.11,3.417,27584.78,119.98,30.23,12007.04,4661.71,221.9498642,6.908,False
1,2012-08-10,85.05,3.494,11436.22,245.0,6.85,6964.26,4836.22,221.9584329,6.908,False
2,2010-04-16,68.07,2.808,,,,,,210.1495463,8.2,False
2,2010-05-28,81.13,2.759,,,,,,210.5552301,8.2,False
2,2010-07-23,87.66,2.608,,,,,,210.8921319,8.099,False
2,2010-09-17,82.05,2.582,,,,,,211.1806415,8.099,False
2,2010-11-05,57.85,2.689,,,,,,211.6135053,8.163,False
2,2010-12-10,45.5,2.843,,,,,,211.1247993,8.163,False
2,2010-12-17,47.55,2.869,,,,,,211.0645458,8.163,False
2,2011-03-18,62.32,3.488,,,,,,214.0156238,8.028,False
2,2011-03-18,62.32,3.488,,,,,,214.0156238,8.028,False
2,2011-04-01,55.43,3.524,,,,,,214.4886908,7.931,False
2,2011-05-27,76.42,3.786,,,,,,215.1544822,7.931,False
2,2011-07-01,85.69,3.524,,,,,,214.8368678,7.852,False
2,2011-07-08,87.7,3.48,,,,,,214.9296249,7.852,False
2,2011-08-26,90.45,3.523,,,,,,215.386897,7.852,False
2,2011-11-18,62.01,3.308,6490.92,1217.76,152.12,873.82,7656.42,217.8670218,7.441,False
2,2011-12-02,48.74,3.172,8010.99,83.47,1897.27,4444.0,28238.93,218.3590319,7.441,False
2,2011-12-23,46.66,3.112,2971.04,15.18,1501.75,88.76,6437.61,218.9995495,7.441,False
2,2012-02-03,55.21,3.36,75149.79,3818.85,221.4,48159.86,7423.61,219.8118854,7.057,False
2,2012-03-02,58.79,3.63,23901.27,2144.7,9.0,9799.63,4929.53,220.4866886,7.057,False
2,2012-03-02,58.79,3.63,23901.27,2144.7,9.0,9799.63,4929.53,220.4866886,7.057,False
2,2012-03-09,57.11,3.669,11784.91,368.32,3.0,2498.17,7746.0,220.6974332,7.057,False
2,2012-04-20,65.69,3.877,7311.02,2236.2,33.53,878.07,4080.32,221.2021074,6.891,False
2,2012-04-20,65.69,3.877,7311.02,2236.2,33.53,878.07,4080.32,221.2021074,6.891,False
2,2012-04-27,67.2,3.814,3076.68,,38.32,108.71,2708.9,221.255812,6.891,False
2,2012-05-25,78.19,3.561,10701.32,,1030.53,3595.04,14920.27,221.3828029,6.891,False
2,2012-06-08,78.69,3.452,12162.04,463.6,78.39,3610.78,10877.64,221.3877467,6.891,False
2,2012-07-13,80.17,3.256,8354.65,342.25,20.53,5674.44,5012.22,221.5616784,6.565,False
2,2012-08-31,82.64,3.638,17500.26,73.22,21.38,12878.62,4756.5,221.9415576,6.565,False
2,2012-09-28,79.45,3.666,7106.05,1.91,1.65,1549.1,3946.03,222.6164329,6.565,False
2,2012-09-28,79.45,3.666,7106.05,1.91,1.65,1549.1,3946.03,222.6164329,6.565,False
2,2012-10-12,60.97,3.601,2145.5,,33.31,586.83,10421.01,223.0154263,6.17,False
3,2010-02-05,45.71,2.572,,,,,,214.4248812,7.368,False
3,2010-02-26,52.05,2.561,,,,,,214.6475127,7.368,False
3,2010-05-21,75.81,2.826,,,,,,213.9116886,7.343,False
3,2010-05-21,75.81,2.826,,,,,,213.9116886,7.343,False
3,2010-07-16,84.32,2.623,,,,,,214.4176476,7.346,False
3,2010-11-12,62.79,2.728,,,,,,215.3256258,7.564,False
3,2010-12-03,53.76,2.708,,,,,,214.9153531,7.564,False
3,2010-12-31,53.2,2.943,,,,,,214.6986466,7.564,True
3,2011-04-15,75.88,3.743,,,,,,218.6788642,7.574,False
3,2011-04-22,76.91,3.807,,,,,,218.851237,7.574,False
3,2011-04-29,78.69,3.81,,,,,,219.0236099,7.574,False
3,2011-05-13,79.87,3.899,,,,,,219.3683556,7.574,False
3,2011-09-09,81.72,3.546,,,,,,219.2135305,7.567,True
3,2011-12-23,53.41,3.112,89.98,0.24,411.52,,586.66,222.8258628,7.197,False
3,2011-12-30,48.29,3.129,1449.16,14356.07,66.66,81.43,777.35,223.0090839,7.197,True
3,2012-01-13,51.86,3.261,3927.76,3323.64,,226.97,1725.19,223.3755259,6.833,False
3,2012-02-17,52.39,3.51,2706.87,3128.74,1.88,2396.68,1631.28,223.9170153,6.833,False
3,2012-03-16,64.0,3.734,2588.06,80.89,3.2,909.76,491.83,224.7166953,6.833,False
3,2012-04-20,72.05,3.877,2784.82,130.68,1.75,425.29,904.8,225.0689541,6.664,False
3,2012-05-11,75.19,3.688,3794.95,,0.25,813.77,618.46,225.2351496,6.664,False
3,2012-08-17,87.36,3.571,990.08,44.2,,401.46,430.69,225.5558664,6.334,False
4,2010-03-12,49.63,2.704,,,,,,126.6042857,8.623,False
4,2010-03-12,49.63,2.704,,,,,,126.6042857,8.623,False
4,2010-04-23,56.87,2.805,,,,,,126.4713333,7.896,False
4,2010-06-18,81.53,2.635,,,,,,126.114,7.896,False
4,2010-07-09,80.35,2.637,,,,,,126.1518,7.372,False
4,2010-07-23,79.78,2.612,,,,,,126.1283548,7.372,False
4,2010-09-10,73.54,2.574,,,,,,126.1145806,7.372,True
4,2010-12-17,46.57,2.884,,,,,,126.8794839,7.127,False
4,2010-12-17,46.57,2.884,,,,,,126.8794839,7.127,False
4,2011-01-21,38.34,3.017,,,,,,127.4404839,6.51,False
4,2011-04-22,68.8,3.781,,,,,,128.9553,5.946,False
4,2011-04-22,68.8,3.781,,,,,,128.9553,5.946,False
4,2011-06-24,81.85,3.57,,,,,,129.0663,5.946,False
4,2011-08-12,82.98,3.617,,,,,,129.2015806,5.644,False
4,2011-09-16,72.76,3.532,,,,,,129.4306,5.644,False
4,2011-10-28,55.31,3.362,,,,,,129.7936774,5.143,False
4,2011-10-28,55.31,3.362,,,,,,129.7936774,5.143,False
4,2011-11-11,47.12,3.286,12851.52,16658.47,430.13,5630.01,9213.39,129.8167097,5.143,False
4,2011-11-18,50.44,3.294,4539.94,840.56,372.9,613.96,5358.13,129.8268333,5.143,False
4,2011-11-18,50.44,3.294,4539.94,840.56,372.9,613.96,5358.13,129.8268333,5.143,False
4,2011-12-02,38.71,3.176,9762.39,160.94,2260.29,4767.86,28604.2,129.8459667,5.143,False
4,2012-01-27,40.31,3.29,1346.06,3740.12,46.16,445.47,2451.89,130.3144516,4.607,False
4,2012-03-23,59.07,3.759,8806.8,-10.5,5.99,739.14,4396.97,130.8966452,4.607,False
4,2012-04-27,76.47,3.81,3993.66,97.77,26.68,113.37,3947.45,131.1266667,4.308,False
4,2012-04-27,76.47,3.81,3993.66,97.77,26.68,113.37,3947.45,131.1266667,4.308,False
4,2012-07-20,79.14,3.263,4799.23,47.55,30.56,634.78,4648.91,130.7012903,4.077,False
4,2012-09-14,68.2,3.706,13802.34,,23.12,3643.77,12517.18,130.9776667,4.077,False
5,2010-03-19,55.46,2.72,,,,,,211.770897,6.566,False
5,2010-06-25,83.72,2.653,,,,,,211.8960815,6.465,False
5,2010-08-20,87.71,2.664,,,,,,212.1608984,6.496,False
5,2010-08-20,87.71,2.664,,,,,,212.1608984,6.496,False
5,2010-09-10,79.86,2.565,,,,,,212.0499271,6.496,True
5,2010-10-08,64.99,2.633,,,,,,212.3019522,6.768,False
5,2010-12-03,51.31,2.708,,,,,,212.1613951,6.768,False
5,2011-01-14,37.74,2.983,,,,,,212.008514,6.634,False
5,2011-02-11,38.25,3.022,,,,,,213.4944627,6.634,True
5,2011-04-01,61.5,3.524,,,,,,215.4024406,6.489,False
5,2011-05-13,77.38,3.899,,,,,,216.5343611,6.489,False
5,2011-06-03,83.81,3.699,,,,,,215.8384319,6.489,False
5,2011-07-01,85.81,3.524,,,,,,215.7474537,6.529,False
5,2011-08-26,89.18,3.523,,,,,,216.2950176,6.529,False
5,2011-10-07,71.64,3.285,,,,,,217.6123648,6.3,False
5,2011-10-07,71.64,3.285,,,,,,217.6123648,6.3,False
5,2011-10-21,66.9,3.353,,,,,,218.0852999,6.3,False
5,2011-10-21,66.9,3.353,,,,,,218.0852999,6.3,False
5,2011-10-28,69.27,3.372,,,,,,218.2468539,6.3,False
5,2011-11-18,64.33,3.308,952.21,116.11,95.01,295.13,4368.45,218.793912,6.3,False
5,2011-12-09,44.12,3.158,2546.5,,83.07,523.27,3118.64,219.540637,6.3,False
5,2012-01-20,54.65,3.268,761.25,2100.24,,132.63,1276.75,220.5694104,5.943,False
5,2012-05-18,70.45,3.63,2639.05,,65.34,243.73,2119.63,222.330443,5.801,False
5,2012-06-01,79.72,3.501,2840.78,,41.58,393.41,2114.0,222.3343277,5.801,False
5,2012-06-29,87.08,3.286,1053.25,12.75,,113.8,1300.11,222.4307191,5.801,False
5,2012-08-03,86.91,3.417,7365.26,14.48,0.7,3640.7,2517.31,222.5385111,5.603,False
5,2012-09-14,76.65,3.717,2027.18,4.0,4.55,1354.97,3535.01,223.1734167,5.603,False
5,2012-09-21,71.09,3.721,3033.26,5.73,1.1,83.82,4579.05,223.3737593,5.603,False
5,2012-10-05,71.17,3.617,2048.94,,6.02,1121.58,2070.87,223.7744444,5.422,False
5,2012-10-12,66.24,3.601,1355.87,,4.0,453.98,3562.36,223.974787,5.422,False
5,2012-10-19,69.17,3.594,908.91,,,,709.95,224.0192873,5.422,False
6,2010-02-05,40.43,2.572,,,,,,212.6223518,7.259,False
6,2010-03-12,58.82,2.667,,,,,,212.9037017,7.259,False
6,2010-03-12,58.82,2.667,,,,,,212.9037017,7.259,False
6,2010-03-19,56.55,2.72,,,,,,212.7351935,7.259,False
6,2010-05-07,73.68,2.835,,,,,,211.8442706,7.092,False
6,2010-05-21,74.8,2.826,,,,,,212.1275324,7.092,False
6,2010-05-28,78.89,2.759,,,,,,212.412888,7.092,False
6,2010-09-24,76.49,2.624,,,,,,213.1152886,6.973,False
6,2010-10-22,70.97,2.725,,,,,,213.3820486,7.007,False
6,2011-02-11,39.38,3.022,,,,,,214.4630941,6.858,True
6,2011-03-18,65.07,3.488,,,,,,215.9035078,6.858,False
6,2011-07-01,87.0,3.524,,,,,,216.7257388,6.925,False
6,2011-07-15,88.93,3.575,,,,,,216.9044732,6.925,False
6,2011-11-11,61.33,3.297,12590.41,2173.66,123.2,3108.55,5416.96,219.5631135,6.551,False
6,2012-01-13,48.33,3.261,4779.48,11967.81,65.72,575.13,4512.18,221.4893412,6.132,False
6,2012-02-17,49.03,3.51,13182.32,15299.89,12.82,6129.29,7603.05,222.026359,6.132,False
6,2012-05-11,72.66,3.688,10658.74,,133.22,3312.9,9700.64,223.3346212,5.964,False
6,2012-06-01,80.39,3.501,8267.68,16.0,441.83,1904.81,3517.55,223.3539397,5.964,False
6,2012-08-10,87.04,3.494,5750.2,187.04,5.21,3920.14,7505.63,223.5699533,5.668,False
6,2012-09-07,86.33,3.73,14105.12,47.96,24.6,3040.62,3558.18,224.0560076,5.668,True
6,2012-10-19,69.68,3.594,1476.45,,3.1,31.32,4080.57,225.0501013,5.329,False
7,2010-02-19,27.28,2.55,,,,,,189.5340998,9.014,False
7,2010-05-07,40.07,2.771,,,,,,189.5312483,8.963,False
7,2010-07-09,58.0,2.711,,,,,,189.5231276,9.017,False
7,2010-08-13,60.13,2.723,,,,,,190.2611552,9.017,False
7,2010-08-20,59.59,2.732,,,,,,190.2948237,9.017,False
7,2010-10-15,35.86,2.762,,,,,,190.8623087,9.137,False
7,2010-10-29,34.78,2.748,,,,,,190.951728,9.137,False
7,2010-12-03,21.88,2.712,,,,,,190.9931437,9.137,False
7,2011-01-28,10.11,3.008,,,,,,191.667891,8.818,False
7,2011-02-25,17.46,3.101,,,,,,191.9647167,8.818,False
7,2011-03-25,25.69,3.414,,,,,,192.1964844,8.818,False
7,2011-04-01,24.83,3.461,,,,,,192.2691707,8.595,False
7,2011-04-22,31.84,3.636,,,,,,192.5234638,8.595,False
7,2011-06-24,46.85,3.661,,,,,,192.9982655,8.595,False
7,2011-08-12,54.56,3.542,,,,,,194.1105017,8.622,False
7,2011-11-18,29.53,3.479,3221.47,1229.96,7.35,494.15,3947.57,195.7184713,8.513,False
7,2012-01-06,18.67,3.095,2373.44,11519.36,7.26,162.72,4504.47,196.5458309,8.256,False
7,2012-01-20,27.41,3.055,1967.73,2791.5,0.73,213.86,4297.27,196.7796652,8.256,False
7,2012-02-03,22.2,3.031,56917.7,1839.82,4.53,16241.73,2414.97,196.8728921,8.256,False
7,2012-02-10,18.79,3.103,13100.37,3096.6,1.73,4854.7,6266.04,196.9195056,8.256,True
7,2012-03-09,30.1,3.286,12144.9,1178.96,2.18,996.02,2221.16,196.9631599,8.256,False
7,2012-04-20,39.3,3.936,2114.64,863.38,14.21,549.62,1509.05,197.7227385,8.09,False
7,2012-05-18,49.41,3.837,3225.22,,24.83,508.1,1897.92,197.5553137,8.09,False
7,2012-06-15,59.33,3.723,16717.38,119.4,0.65,677.29,1144.07,197.692292,8.09,False
7,2012-07-06,64.67,3.646,2779.97,326.2,5.07,2112.68,1548.33,197.8322195,7.872,False
7,2012-07-13,64.21,3.613,1562.86,85.7,0.35,424.66,57029.78,197.8788621,7.872,False
7,2012-08-17,59.66,3.545,1266.82,34.6,46.86,1649.91,1421.44,198.1001057,7.872,False
7,2012-09-14,53.66,3.659,3180.52,,5.03,709.04,5384.1,198.1267184,7.872,False
7,2012-10-05,48.43,3.779,2955.56,,9.9,2240.78,1324.84,198.8221322,7.557,False
7,2012-10-19,43.01,3.75,2034.63,,0.5,298.55,4163.41,199.1481963,7.557,False
8,2010-04-16,62.66,2.808,,,,,,213.8186357,6.29,False
8,2010-12-10,42.47,2.843,,,,,,214.8155214,6.433,False
8,2010-12-17,45.03,2.869,,,,,,214.7510843,6.433,False
8,2011-01-07,35.77,2.976,,,,,,214.7415521,6.262,False
8,2011-02-18,50.64,3.045,,,,,,216.6310383,6.262,False
8,2011-02-18,50.64,3.045,,,,,,216.6310383,6.262,False
8,2011-06-24,83.94,3.594,,,,,,218.4979481,6.297,False
8,2011-06-24,83.94,3.594,,,,,,218.4979481,6.297,False
8,2011-09-16,69.09,3.526,,,,,,219.4442443,6.425,False
8,2011-11-11,50.56,3.297,4971.01,4538.18,541.05,1407.72,3846.73,221.4595129,6.123,False
8,2011-12-09,30.51,3.158,4425.92,36.0,346.05,1791.15,9889.35,222.4651238,6.123,False
8,2012-01-06,43.47,3.157,3093.39,26001.46,96.35,500.91,4468.63,223.2409668,5.825,False
8,2012-02-24,46.33,3.555,9712.39,4960.15,1.0,2441.26,5314.33,224.1809207,5.825,False
8,2012-02-24,46.33,3.555,9712.39,4960.15,1.0,2441.26,5314.33,224.1809207,5.825,False
8,2012-03-02,50.95,3.63,19521.45,1000.19,0.6,5819.37,3641.54,224.3959793,5.825,False
8,2012-06-01,78.31,3.501,11578.32,41.6,58.17,1319.45,2044.72,225.300865,5.679,False
8,2012-08-10,83.74,3.494,11811.65,26.0,59.03,2215.73,2801.89,225.5226885,5.401,False
8,2012-08-24,73.77,3.62,3822.14,6.4,4.2,763.09,3570.91,225.7418442,5.401,False
9,2010-03-05,48.43,2.625,,,,,,214.9054721,6.415,False
9,2010-06-18,82.99,2.637,,,,,,215.0166484,6.384,False
9,2010-07-30,79.83,2.64,,,,,,214.9257105,6.442,False
9,2010-10-01,69.08,2.603,,,,,,215.2141341,6.56,False
9,2010-10-01,69.08,2.603,,,,,,215.2141341,6.56,False
9,2010-11-05,58.69,2.689,,,,,,215.5065452,6.56,False
9,2010-11-12,61.59,2.728,,,,,,215.5557297,6.56,False
9,2010-11-26,60.18,2.735,,,,,,215.2909028,6.56,True
9,2011-01-07,41.82,2.976,,,,,,214.9234729,6.416,False
9,2011-01-21,44.72,3.016,,,,,,215.3554013,6.416,False
9,2011-02-04,31.82,2.989,,,,,,216.1162864,6.416,False
9,2011-03-04,60.67,3.288,,,,,,217.4036503,6.416,False
9,2011-03-04,60.67,3.288,,,,,,217.4036503,6.416,False
9,2011-03-25,68.79,3.473,,,,,,218.2007506,6.416,False
9,2011-04-29,70.85,3.81,,,,,,219.2588382,6.38,False
9,2011-05-06,62.2,3.906,,,,,,219.4315106,6.38,False
9,2011-05-06,62.2,3.906,,,,,,219.4315106,6.38,False
9,2011-07-08,89.04,3.48,,,,,,218.8755955,6.404,False
9,2011-09-16,77.95,3.526,,,,,,219.6297841,6.404,False
9,2011-11-04,54.46,3.332,,,,,,221.4820921,6.054,False
9,2012-01-06,47.54,3.157,3597.08,6203.76,11.2,3743.55,1912.75,223.4332408,5.667,False
9,2012-01-13,42.44,3.261,4731.1,2959.36,,129.27,3416.48,223.6168049,5.667,False
9,2012-02-10,44.03,3.409,5619.8,1595.17,1.71,4740.66,4494.14,223.9953006,5.667,True
9,2012-04-27,73.07,3.814,409.76,,0.4,7.88,7179.53,225.3672537,5.539,False
9,2012-06-15,82.21,3.393,3296.23,176.4,50.03,780.78,4209.82,225.5070634,5.539,False
9,2012-06-22,81.05,3.346,2886.26,3.8,,1270.8,4545.91,225.5495841,5.539,False
9,2012-08-24,77.9,3.62,1524.71,,1.8,501.16,4241.59,225.9364729,5.277,False
9,2012-10-12,60.09,3.601,520.41,,6.01,,2839.84,227.1693919,4.954,False
9,2012-10-19,68.01,3.594,545.72,,8.0,28.94,3098.87,227.214288,4.954,False
9,2012-10-26,69.52,3.506,512.23,3.0,8.0,,1666.38,227.2328068,4.954,False
10,2010-05-07,71.06,3.127,,,,,,126.2898,9.524,False
10,2010-05-28,76.67,3.058,,,,,,126.1602258,9.524,False
10,2010-06-25,90.32,3.084,,,,,,126.1266,9.524,False
10,2010-10-08,77.04,2.924,,,,,,126.2791667,9.003,False
10,2010-12-31,49.67,3.148,,,,,,127.0876774,9.003,True
10,2011-01-21,56.75,3.336,,,,,,127.4404839,8.744,False
10,2011-01-28,53.03,3.231,,,,,,127.5800323,8.744,False
10,2011-01-28,53.03,3.231,,,,,,127.5800323,8.744,False
10,2011-02-11,51.51,3.381,,,,,,127.859129,8.744,True
10,2011-02-18,61.77,3.43,,,,,,127.99525,8.744,False
10,2011-09-09,89.06,3.771,,,,,,129.3686129,8.257,True
10,2011-09-16,77.49,3.784,,,,,,129.4306,8.257,False
10,2011-09-23,82.51,3.789,,,,,,129.5183333,8.257,False
10,2011-09-30,82.27,3.877,,,,,,129.6060667,8.257,False
10,2012-03-16,62.11,4.273,3977.45,-10.5,6.03,1928.5,2273.92,130.8261935,7.545,False
10,2012-04-06,65.99,4.282,9256.0,,23.74,4802.15,8553.67,131.0375484,7.382,False
10,2012-05-11,76.03,4.186,10837.25,,105.67,4736.02,2747.36,131.1453333,7.382,False
10,2012-07-20,84.45,3.589,6596.8,-1.6,44.6,4275.27,10650.28,130.7012903,7.17,False
10,2012-07-20,84.45,3.589,6596.8,-1.6,44.6,4275.27,10650.28,130.7012903,7.17,False
10,2012-08-10,90.78,3.811,15282.47,,58.8,5537.01,14827.71,130.7561613,7.17,False
10,2012-09-14,78.47,3.966,10389.14,,15.97,4943.53,7618.04,130.9776667,7.17,False
10,2012-10-05,80.88,4.132,8975.95,,46.24,9546.75,7186.77,131.0756667,6.943,False
11,2010-02-12,48.01,2.548,,,,,,214.5747916,7.368,True
11,2010-05-14,77.64,2.854,,,,,,213.6196139,7.343,False
11,2010-07-09,83.01,2.642,,,,,,214.4265704,7.346,False
11,2010-07-16,84.9,2.623,,,,,,214.4176476,7.346,False
11,2011-01-07,54.43,2.976,,,,,,214.6955104,7.551,False
11,2011-01-14,45.34,2.983,,,,,,214.7470729,7.551,False
11,2011-01-14,45.34,2.983,,,,,,214.7470729,7.551,False
11,2011-01-21,51.51,3.016,,,,,,215.1268275,7.551,False
11,2011-04-01,69.1,3.524,,,,,,218.2114184,7.574,False
11,2011-06-10,85.79,3.648,,,,,,218.4037974,7.574,False
11,2011-06-24,86.13,3.594,,,,,,218.45094,7.574,False
11,2011-12-16,59.69,3.159,1812.02,143.06,592.44,669.07,4900.25,222.6426418,7.197,False
11,2012-02-24,61.11,3.555,17546.88,7531.48,0.5,3698.03,12656.68,224.1320199,6.833,False
11,2012-08-31,86.49,3.638,16650.73,120.0,45.0,7575.93,6689.78,225.8293063,6.334,False
12,2010-02-05,49.47,2.962,,,,,,126.4420645,13.975,False
12,2010-02-19,54.83,2.915,,,,,,126.5262857,13.975,False
12,2010-04-02,59.84,3.086,,,,,,126.6034839,14.099,False
12,2010-04-23,64.55,3.05,,,,,,126.4713333,14.099,False
12,2010-07-23,99.22,3.112,,,,,,126.1283548,14.18,False
12,2010-08-13,87.01,3.159,,,,,,126.064,14.18,False
12,2010-08-20,92.81,3.041,,,,,,126.0766452,14.18,False
12,2010-09-17,82.45,3.028,,,,,,126.1454667,14.18,False
12,2010-09-24,81.77,2.939,,,,,,126.1900333,14.18,False
12,2010-10-29,61.09,3.016,,,,,,126.4364194,14.313,False
12,2010-11-19,58.18,3.161,,,,,,126.6072,14.313,False
12,2010-12-03,43.33,3.041,,,,,,126.7313333,14.313,False
12,2011-03-04,51.72,3.674,,,,,,128.26475,14.021,False
12,2011-05-06,68.4,4.193,,,,,,129.0444333,13.736,False
12,2011-10-07,70.44,3.827,,,,,,129.6938,12.89,False
12,2011-10-21,73.05,3.842,,,,,,129.7821613,12.89,False
12,2011-10-21,73.05,3.842,,,,,,129.7821613,12.89,False
12,2011-11-04,59.77,3.828,,,,,,129.8051935,12.89,False
12,2011-12-02,52.5,3.701,4868.73,,2022.46,3768.45,18368.11,129.8459667,12.89,False
12,2012-01-06,50.43,3.599,11181.59,33829.84,36.96,624.05,10152.27,130.1575161,12.187,False
12,2012-01-27,50.43,3.675,1201.31,631.79,,104.69,1050.85,130.3144516,12.187,False
12,2012-01-27,50.43,3.675,1201.31,631.79,,104.69,1050.85,130.3144516,12.187,False
12,2012-03-02,52.27,4.178,15046.69,2131.62,12.84,4574.95,3428.27,130.6457931,12.187,False
12,2012-04-27,77.99,4.193,2936.01,336.39,26.18,613.65,740.83,131.1266667,11.627,False
12,2012-07-06,89.13,3.765,10804.73,-0.6,3.33,5397.84,4395.03,130.7196333,10.926,False
12,2012-09-07,88.52,4.124,17640.02,84.0,46.18,3202.21,2634.17,130.9325484,10.926,True
12,2012-10-26,65.95,4.301,13749.1,104.54,56.0,2402.63,4813.93,131.1930968,10.199,False
13,2010-03-19,42.49,2.782,,,,,,126.6066452,8.316,False
13,2010-04-30,48.33,2.941,,,,,,126.3805667,8.107,False
13,2010-05-07,44.42,2.948,,,,,,126.2898,8.107,False
13,2010-05-21,57.71,2.95,,,,,,126.1843871,8.107,False
13,2010-07-09,71.33,2.802,,,,,,126.1518,7.951,False
13,2010-07-16,77.79,2.791,,,,,,126.1498065,7.951,False
13,2010-07-30,78.94,2.797,,,,,,126.1069032,7.951,False
13,2010-10-15,54.12,2.845,,,,,,126.3266774,7.795,False
13,2010-10-29,45.12,2.841,,,,,,126.4364194,7.795,False
13,2010-11-26,28.22,2.83,,,,,,126.6692667,7.795,True
13,2010-12-10,36.78,2.817,,,,,,126.7934,7.795,False
13,2011-04-15,41.72,3.616,,,,,,128.9107333,7.193,False
13,2011-04-22,47.55,3.655,,,,,,128.9553,7.193,False
13,2011-04-29,43.85,3.683,,,,,,128.9998667,7.193,False
13,2011-07-08,77.3,3.563,,,,,,129.1125,6.877,False
13,2011-12-16,27.85,3.282,3272.56,556.15,959.55,424.43,5933.01,129.8980645,6.392,False
13,2012-01-13,25.61,3.056,3627.07,14887.88,119.93,798.48,4668.82,130.244,6.104,False
13,2012-01-20,32.71,3.047,3150.56,6765.52,87.63,1196.17,3136.96,130.2792258,6.104,False
13,2012-04-27,64.8,3.842,4626.7,0.11,67.16,104.18,3280.73,131.1266667,5.965,False
13,2012-05-25,62.39,3.801,7282.07,,416.15,1048.83,7293.87,131.0287742,5.965,False
13,2012-05-25,62.39,3.801,7282.07,,416.15,1048.83,7293.87,131.0287742,5.965,False
13,2012-06-15,65.97,3.756,8819.8,416.5,0.22,3496.08,6331.52,130.8295333,5.965,False
13,2012-09-28,64.8,3.821,5197.64,63.1,2.6,3022.73,9779.77,131.043,5.765,False
13,2012-10-05,61.79,3.815,6607.14,,50.6,3943.91,7700.91,131.0756667,5.621,False
13,2012-10-12,55.1,3.797,1927.15,,9.72,518.97,11269.24,131.1083333,5.621,False
13,2012-10-26,46.97,3.755,10192.49,364.57,150.0,1714.15,5563.92,131.1930968,5.621,False
14,2010-02-05,27.31,2.784,,,,,,181.8711898,8.992,False
14,2010-03-26,54.36,2.854,,,,,,181.9718697,8.992,False
14,2010-04-16,54.28,2.899,,,,,,181.6924769,8.899,False
14,2010-04-16,54.28,2.899,,,,,,181.6924769,8.899,False
14,2010-05-07,70.75,2.966,,,,,,181.6468154,8.899,False
14,2010-05-21,62.62,2.958,,,,,,181.8538486,8.899,False
14,2010-06-18,72.62,2.78,,,,,,182.4424199,8.899,False
14,2010-08-06,77.17,2.784,,,,,,182.5320862,8.743,False
14,2010-08-20,76.01,2.779,,,,,,182.6165205,8.743,False
14,2010-10-08,56.49,2.764,,,,,,182.7640032,8.724,False
14,2011-03-25,41.76,3.625,,,,,,184.9943679,8.549,False
14,2011-04-29,66.18,3.962,,,,,,185.8029526,8.521,False
14,2011-07-29,81.31,3.829,,,,,,186.2955962,8.625,False
14,2011-09-02,70.63,3.703,,,,,,186.6189274,8.625,False
14,2011-12-09,46.57,3.415,7297.72,15.0,342.71,4849.0,7509.9,188.6544692,8.523,False
14,2012-03-02,41.55,3.816,20212.56,1991.38,46.67,11970.8,6876.57,190.1714927,8.424,False
14,2012-03-30,50.04,3.953,11267.8,185.8,8.84,1152.46,2509.18,190.6107463,8.424,False
14,2012-04-20,63.13,4.027,32124.49,6870.09,100.15,2213.04,3706.04,190.8138013,8.567,False
14,2012-06-08,64.3,3.689,4636.1,570.2,172.7,1103.04,8024.53,191.0155329,8.567,False
14,2012-07-13,79.97,3.523,9158.47,-2.5,5.37,4516.68,2574.55,191.1685192,8.684,False
14,2012-07-27,77.2,3.647,4945.52,113.66,4.1,10751.35,3298.31,191.1655664,8.684,False
14,2012-08-10,78.65,3.722,32432.09,23.68,32.44,4309.81,3570.81,191.1626135,8.684,False
14,2012-09-07,75.7,3.911,6623.84,6.97,34.35,2720.17,5498.39,191.5776756,8.684,True
15,2010-03-26,39.53,2.963,,,,,,131.863129,8.35,False
15,2010-07-09,77.33,2.94,,,,,,132.5461333,8.099,False
15,2010-07-16,72.83,2.933,,,,,,132.5667742,8.099,False
15,2010-08-20,71.1,2.913,,,,,,132.6616129,8.099,False
15,2010-08-27,65.07,2.885,,,,,,132.6932258,8.099,False
15,2010-09-24,62.53,2.837,,,,,,132.7619333,8.099,False
15,2010-09-24,62.53,2.837,,,,,,132.7619333,8.099,False
15,2010-11-05,40.29,3.049,,,,,,132.9245806,8.067,False
15,2011-07-08,73.47,3.886,,,,,,135.6283333,7.806,False
15,2011-08-12,70.63,3.995,,,,,,136.144129,7.806,False
15,2011-12-09,38.53,3.627,3581.98,193.94,75.62,1713.45,5227.94,136.5030667,7.866,False
15,2011-12-16,35.49,3.611,2176.13,19.0,158.53,925.45,1273.02,136.5335161,7.866,False
15,2012-01-20,21.39,3.705,2637.43,3151.32,,265.47,2257.53,136.8564194,7.943,False
15,2012-02-17,30.26,3.874,17822.56,7914.95,1.76,11094.94,4922.19,137.2583103,7.943,False
15,2012-02-24,33.18,3.917,6881.03,5859.12,1.0,3607.57,4147.13,137.3411034,7.943,False
15,2012-02-24,33.18,3.917,6881.03,5859.12,1.0,3607.57,4147.13,137.3411034,7.943,False
15,2012-03-02,33.24,3.983,11611.99,1749.22,27.4,7977.5,2327.04,137.4238966,7.943,False
15,2012-03-09,36.97,4.021,7926.63,615.68,1.49,2126.98,2194.94,137.5066897,7.943,False
15,2012-06-08,59.35,3.871,4658.21,269.0,0.19,399.04,3998.9,138.1174194,8.15,False
15,2012-06-22,74.28,3.722,3816.09,1314.0,,667.31,2567.0,138.1629,8.15,False
15,2012-09-14,65.44,4.088,5163.64,,1.49,922.73,3154.77,138.5673,8.193,False
16,2010-02-26,18.12,2.586,,,,,,189.6018023,7.039,False
16,2010-04-09,34.21,2.75,,,,,,189.6901012,6.842,False
16,2010-05-07,37.43,2.771,,,,,,189.5312483,6.842,False
16,2010-05-28,52.08,2.737,,,,,,189.4452425,6.842,False
16,2010-07-16,67.68,2.699,,,,,,189.6125456,6.868,False
16,2010-08-13,63.91,2.723,,,,,,190.2611552,6.868,False
16,2010-09-03,58.02,2.773,,,,,,190.3621607,6.868,False
16,2010-10-15,45.0,2.762,,,,,,190.8623087,6.986,False
16,2011-01-21,28.6,2.973,,,,,,191.5731924,6.614,False
16,2011-01-28,20.8,3.008,,,,,,191.667891,6.614,False
16,2011-05-06,38.64,3.735,,,,,,192.7252006,6.339,False
16,2011-05-27,45.17,3.795,,,,,,192.8365651,6.339,False
16,2011-06-03,54.08,3.763,,,,,,192.8418131,6.339,False
16,2011-08-05,63.96,3.554,,,,,,193.9110133,6.338,False
16,2011-09-16,53.68,3.596,,,,,,194.7419707,6.338,False
16,2011-10-07,48.91,3.498,,,,,,194.9459724,6.232,False
16,2011-12-02,27.83,3.378,516.47,61.0,944.52,9.0,7124.75,195.8223287,6.232,False
16,2012-02-03,25.53,3.031,32702.46,747.82,2.39,8063.07,2940.68,196.8728921,6.162,False
16,2012-07-06,70.49,3.646,1559.36,68.8,13.1,420.62,6013.75,197.8322195,6.061,False
16,2012-08-03,68.59,3.528,4801.46,,,3030.35,2945.89,198.0293893,6.061,False
16,2012-10-12,43.26,3.76,522.32,,11.09,40.2,5247.6,199.0539368,5.847,False
17,2010-03-19,33.96,2.782,,,,,,126.6066452,6.548,False
17,2010-04-09,34.05,2.877,,,,,,126.6019032,6.635,False
17,2010-06-04,53.79,2.871,,,,,,126.1360645,6.635,False
17,2010-06-11,57.14,2.841,,,,,,126.1119032,6.635,False
17,2010-06-11,57.14,2.841,,,,,,126.1119032,6.635,False
17,2010-06-25,62.64,2.82,,,,,,126.1266,6.635,False
17,2010-11-05,42.54,2.831,,,,,,126.4912903,6.885,False
17,2011-01-21,26.62,2.934,,,,,,127.4404839,6.866,False
17,2011-03-11,32.42,3.346,,,,,,128.3995,6.866,False
17,2011-06-10,54.57,3.732,,,,,,129.0357097,6.774,False
17,2011-08-05,65.71,3.595,,,,,,129.1846452,6.745,False
17,2011-08-12,64.79,3.606,,,,,,129.2015806,6.745,False
17,2011-08-26,72.04,3.57,,,,,,129.2832581,6.745,False
17,2011-09-16,61.48,3.641,,,,,,129.4306,6.745,False
17,2011-12-09,17.56,3.341,8530.15,,29.6,840.04,6700.99,129.8555333,6.617,False
17,2011-12-30,26.73,3.119,4439.21,42391.85,120.08,1366.9,2383.67,130.0710323,6.617,True
17,2012-04-27,59.11,3.842,1832.86,,1.62,8.94,2211.39,131.1266667,6.235,False
17,2012-05-11,49.96,3.809,6288.63,,22.59,997.55,1266.73,131.1453333,6.235,False
17,2012-05-18,59.67,3.808,3847.57,,92.93,1216.19,2403.0,131.0983226,6.235,False
17,2012-08-10,73.29,3.509,3711.96,9.2,4.42,2316.51,1613.36,130.7561613,5.936,False
17,2012-08-31,68.07,3.624,11235.99,,2.73,3648.33,1964.35,130.8853548,5.936,False
17,2012-09-07,61.99,3.689,13396.45,,18.08,1299.65,1333.12,130.9325484,5.936,True
17,2012-09-21,58.43,3.821,6035.13,1.91,14.5,859.64,6132.91,131.0103333,5.936,False
17,2012-10-19,48.16,3.781,708.27,,1.4,14.01,1328.57,131.1499677,5.527,False
18,2010-02-19,30.91,2.747,,,,,,131.637,9.202,False
18,2010-03-19,45.42,2.834,,,,,,131.8242903,9.202,False
18,2010-03-26,47.55,2.831,,,,,,131.863129,9.202,False
18,2010-05-21,60.27,2.961,,,,,,132.2230323,9.269,False
18,2010-06-11,64.08,2.83,,,,,,132.4357419,9.269,False
18,2010-07-02,71.22,2.815,,,,,,132.5218667,9.342,False
18,2010-08-27,67.05,2.77,,,,,,132.6932258,9.342,False
18,2010-12-24,28.16,3.15,,,,,,132.7477419,9.331,False
18,2011-01-07,30.1,3.193,,,,,,132.8823226,9.131,False
18,2011-01-14,22.69,3.215,,,,,,132.9510645,9.131,False
18,2011-02-18,31.59,3.263,,,,,,133.3701429,9.131,False
18,2011-03-11,38.4,3.6,,,,,,133.7361429,9.131,False
18,2011-03-25,36.65,3.624,,,,,,133.9587419,9.131,False
18,2011-04-08,43.32,3.72,,,,,,134.1777742,8.975,False
18,2011-04-22,45.99,3.919,,,,,,134.3571,8.975,False
18,2011-05-20,57.55,4.101,,,,,,134.6803871,8.975,False
18,2011-06-17,63.23,3.873,,,,,,135.0837333,8.975,False
18,2011-07-29,73.85,3.898,,,,,,135.9639355,8.89,False
18,2011-08-19,69.24,3.82,,,,,,136.183129,8.89,False
18,2011-10-14,60.26,3.583,,,,,,136.5150968,8.471,False
18,2011-11-18,47.88,3.571,5223.35,1781.71,182.6,1170.74,4346.68,136.4666667,8.471,False
18,2011-11-25,41.97,3.536,748.82,46.0,71366.86,19.0,577.4,136.4788,8.471,True
18,2012-01-13,35.25,3.523,3761.79,22411.4,10.54,807.3,2977.83,136.753,8.075,False
18,2012-01-27,30.44,3.568,3237.56,3060.93,,22.5,653.02,136.9598387,8.075,False
18,2012-03-09,38.1,3.876,7410.18,368.19,25.46,1852.39,2332.07,137.5066897,8.075,False
18,2012-03-09,38.1,3.876,7410.18,368.19,25.46,1852.39,2332.07,137.5066897,8.075,False
18,2012-03-16,45.84,3.867,9284.23,167.65,4.93,2554.94,2070.14,137.5843871,8.075,False
18,2012-04-13,47.75,4.025,5798.35,9592.28,11.72,1492.2,2261.14,137.868,8.304,False
18,2012-05-04,49.66,3.991,13737.74,,39.54,4131.8,3521.29,138.0332,8.304,False
18,2012-05-25,65.48,3.85,12179.37,,251.38,2595.31,1605.36,138.1101935,8.304,False
18,2012-06-01,71.42,3.798,13525.26,1.2,36.26,1889.92,1629.62,138.1138065,8.304,False
19,2010-02-05,20.96,2.954,,,,,,131.5279032,8.35,False
19,2010-02-12,23.22,2.94,,,,,,131.5866129,8.35,True
19,2010-03-05,32.92,2.919,,,,,,131.735,8.35,False
19,2010-06-04,68.88,3.006,,,,,,132.3648387,8.185,False
19,2010-06-18,66.25,2.942,,,,,,132.4733333,8.185,False
19,2010-09-10,63.36,2.837,,,,,,132.7564516,8.099,True
19,2010-11-26,42.62,3.186,,,,,,132.8369333,8.067,True
19,2010-12-17,26.83,3.301,,,,,,132.6804516,8.067,False
19,2011-02-11,21.79,3.416,,,,,,133.260871,7.771,True
19,2011-05-06,50.43,4.192,,,,,,134.5143667,7.658,False
19,2011-05-20,52.8,4.202,,,,,,134.6803871,7.658,False
19,2011-07-08,73.2,3.886,,,,,,135.6283333,7.806,False
19,2011-07-15,73.7,3.915,,,,,,135.7837419,7.806,False
19,2011-08-05,73.84,4.02,,,,,,136.0540323,7.806,False
19,2011-08-26,69.34,3.906,,,,,,136.2136129,7.806,False
19,2011-09-02,69.27,3.879,,,,,,136.2440968,7.806,False
19,2011-10-07,53.1,3.775,,,,,,136.472,7.866,False
19,2011-10-21,52.05,3.757,,,,,,136.5017742,7.866,False
19,2011-12-16,37.07,3.611,5307.81,292.4,825.0,489.96,4799.18,136.5335161,7.866,False
19,2012-02-03,36.22,3.796,51879.66,6433.83,394.18,52739.02,6473.61,137.0632581,7.943,False
19,2012-02-24,33.91,3.917,13926.46,11835.35,2.8,4929.34,6287.18,137.3411034,7.943,False
19,2012-03-23,56.72,4.054,6048.55,170.78,1.02,986.74,2684.83,137.6552903,7.943,False
19,2012-04-27,42.45,4.163,3735.3,-265.76,52.82,67.72,2959.27,137.9781333,8.15,False
19,2012-06-15,68.19,3.786,9987.83,697.0,0.05,2837.84,4710.66,138.1295333,8.15,False
19,2012-06-22,75.83,3.722,10418.79,1232.8,0.51,2971.07,12187.35,138.1629,8.15,False
19,2012-09-07,72.2,4.076,9053.47,27.41,22.94,1677.12,4844.18,138.4729355,8.193,True
19,2012-09-28,56.81,4.158,2992.04,48.46,,2463.88,3732.36,138.7395,8.193,False
19,2012-10-26,56.49,4.071,5430.75,90.07,,904.34,1665.77,138.7281613,7.992,False
20,2010-03-19,47.32,2.844,,,,,,204.3782258,8.187,False
20,2010-04-16,55.43,2.899,,,,,,203.7307486,7.856,False
20,2010-04-16,55.43,2.899,,,,,,203.7307486,7.856,False
20,2010-04-30,54.75,2.921,,,,,,203.6503685,7.856,False
20,2010-07-30,76.03,2.781,,,,,,204.605272,7.527,False
20,2010-09-24,69.37,2.713,,,,,,204.8182126,7.527,False
20,2010-10-15,59.17,2.868,,,,,,205.0137637,7.484,False
20,2010-10-22,50.52,2.917,,,,,,205.0627881,7.484,False
20,2010-12-24,25.17,3.141,,,,,,204.6376731,7.484,False
20,2011-02-04,28.58,3.231,,,,,,205.7329407,7.343,False
20,2011-02-11,25.38,3.239,,,,,,206.0763862,7.343,True
20,2011-04-08,47.09,3.72,,,,,,208.1092642,7.287,False
20,2011-04-22,52.56,3.892,,,,,,208.4779405,7.287,False
20,2011-07-15,74.88,3.76,,,,,,208.5309337,7.274,False
20,2011-09-09,68.74,3.738,,,,,,209.0225562,7.274,True
20,2011-11-11,47.27,3.53,34348.14,11652.84,549.25,9606.11,5472.37,210.9810201,7.082,False
20,2012-03-09,41.14,3.848,10686.42,750.14,3.67,3867.16,3518.62,213.8711137,6.961,False
20,2012-05-04,62.74,3.951,24594.6,496.0,38.52,9381.13,4648.85,214.4771081,7.139,False
20,2012-05-11,63.19,3.889,17598.62,,19.51,2889.48,3242.44,214.5319099,7.139,False
20,2012-06-08,62.01,3.689,8353.32,516.6,46.76,2073.77,7774.31,214.5527132,7.139,False
20,2012-06-22,76.51,3.564,12173.74,875.7,2.36,4195.01,7516.62,214.606,7.139,False
20,2012-07-13,78.27,3.523,8679.19,99.7,22.34,4960.49,7877.54,214.728027,7.28,False
20,2012-10-12,47.2,4.0,2449.31,,35.08,1019.9,9743.56,216.1150568,7.293,False
20,2012-10-19,56.26,3.969,4174.31,,15.84,838.05,3838.56,216.1464699,7.293,False
21,2010-02-26,45.31,2.561,,,,,,210.9759573,8.324,False
21,2010-05-07,70.87,2.835,,,,,,210.0011018,8.2,False
21,2010-06-25,87.01,2.653,,,,,,210.9950134,8.2,False
21,2010-08-06,90.3,2.627,,,,,,211.1608049,8.099,False
21,2010-09-03,82.57,2.577,,,,,,211.1886931,8.099,False
21,2010-10-01,70.28,2.603,,,,,,211.3298742,8.163,False
21,2010-10-29,67.51,2.716,,,,,,211.5661131,8.163,False
21,2011-01-21,42.72,3.016,,,,,,211.4864691,8.028,False
21,2011-02-25,61.27,3.065,,,,,,213.190421,8.028,False
21,2011-04-01,56.36,3.524,,,,,,214.4886908,7.931,False
21,2011-05-13,75.04,3.899,,,,,,215.6124735,7.931,False
21,2011-05-20,68.36,3.907,,,,,,215.3834778,7.931,False
21,2011-06-24,85.72,3.594,,,,,,214.7441108,7.931,False
21,2011-07-15,91.05,3.575,,,,,,215.0134426,7.852,False
21,2011-09-09,78.87,3.546,,,,,,215.5148295,7.852,True
21,2011-12-30,45.16,3.129,2880.59,32642.96,124.32,419.61,3010.84,219.1773063,7.441,True
21,2012-01-06,48.1,3.157,2211.62,28369.34,7.74,753.62,3371.85,219.355063,7.057,False
21,2012-08-17,85.55,3.571,3036.2,15.6,50.0,3128.07,1844.7,221.6751459,6.565,False
21,2012-09-28,80.38,3.666,5955.46,4.91,,1458.77,7206.16,222.6164329,6.565,False
22,2010-02-19,31.96,2.747,,,,,,135.4657781,8.283,False
22,2010-02-19,31.96,2.747,,,,,,135.4657781,8.283,False
22,2010-04-02,44.96,2.826,,,,,,135.7464988,8.348,False
22,2010-06-11,65.01,2.83,,,,,,136.2874263,8.348,False
22,2010-07-16,76.3,2.796,,,,,,136.4179827,8.433,False
22,2010-08-13,74.75,2.81,,,,,,136.4928214,8.433,False
22,2011-01-28,20.61,3.243,,,,,,136.9706544,8.458,False
22,2011-08-12,74.69,3.88,,,,,,140.0859873,8.023,False
22,2011-08-26,72.22,3.796,,,,,,140.1629528,8.023,False
22,2011-09-02,69.16,3.784,,,,,,140.196985,8.023,False
22,2011-09-16,68.08,3.809,,,,,,140.2735,8.023,False
22,2011-11-11,47.8,3.57,12691.27,16756.86,435.92,3159.94,6275.41,140.4111613,7.706,False
22,2012-01-06,34.61,3.439,5803.25,34453.8,22.94,1777.64,8239.01,140.6461359,7.503,False
22,2012-02-17,36.25,3.703,14910.44,10572.12,2.0,10409.34,5499.8,141.2140357,7.503,False
22,2012-06-15,66.56,3.683,9564.7,193.9,9.06,3070.27,2588.53,142.1292548,7.671,False
22,2012-06-29,70.99,3.577,3297.53,345.5,,339.38,2257.49,142.1920381,7.671,False
22,2012-08-31,71.93,3.884,37707.43,40.66,119.53,6761.03,2307.61,142.4054482,7.753,False
22,2012-09-21,63.38,4.056,7150.28,106.01,19.0,1217.3,7556.34,142.6798167,7.753,False
22,2012-10-12,54.18,4.029,1558.08,,10.35,485.2,4291.26,142.9376167,7.543,False
23,2010-02-05,15.25,2.788,,,,,,131.5279032,5.892,False
23,2010-07-23,70.2,2.784,,,,,,132.5825806,5.326,False
23,2010-08-13,67.43,2.81,,,,,,132.63,5.326,False
23,2010-10-15,45.55,2.878,,,,,,132.7633548,5.287,False
23,2011-01-07,27.81,3.193,,,,,,132.8823226,5.114,False
23,2011-01-28,10.91,3.243,,,,,,133.1059677,5.114,False
23,2011-02-04,14.5,3.24,,,,,,133.1834194,5.114,False
23,2011-02-04,14.5,3.24,,,,,,133.1834194,5.114,False
23,2011-03-11,29.36,3.6,,,,,,133.7361429,5.114,False
23,2011-04-01,29.44,3.638,,,,,,134.0682581,4.781,False
23,2011-07-08,69.92,3.784,,,,,,135.6283333,4.584,False
23,2011-08-26,67.04,3.796,,,,,,136.2136129,4.584,False
23,2011-09-16,60.52,3.809,,,,,,136.3145,4.584,False
23,2011-09-23,57.14,3.758,,,,,,136.367,4.584,False
23,2011-10-21,52.12,3.618,,,,,,136.5017742,4.42,False
23,2011-12-09,36.4,3.47,5491.42,,611.34,4318.8,13208.67,136.5030667,4.42,False
23,2011-12-23,27.8,3.413,1003.58,14.2,1683.17,2.0,570.74,136.5883871,4.42,False
23,2012-01-20,15.33,3.542,2437.41,4576.79,,2251.32,1848.96,136.8564194,4.261,False
23,2012-02-10,26.6,3.655,8770.83,8403.67,56.54,9800.67,6133.9,137.1666774,4.261,True
23,2012-02-24,31.12,3.751,18500.67,10478.33,,7541.62,7320.47,137.3411034,4.261,False
23,2012-03-16,41.19,3.867,5739.62,110.48,6.03,3380.28,838.7,137.5843871,4.261,False
23,2012-07-06,70.86,3.538,6918.05,103.8,26.79,6112.89,5184.17,138.2296333,4.156,False
23,2012-07-20,71.13,3.61,2538.45,5.7,38.15,437.8,1377.22,138.2331935,4.156,False
23,2012-10-19,47.89,4.0,1134.33,,2.15,625.26,1894.98,138.8336129,4.145,False
24,2010-02-26,33.98,2.91,,,,,,131.686,8.326,False
24,2010-03-05,36.73,2.919,,,,,,131.735,8.326,False
24,2010-03-12,42.31,2.938,,,,,,131.784,8.326,False
24,2010-03-12,42.31,2.938,,,,,,131.784,8.326,False
24,2010-03-12,42.31,2.938,,,,,,131.784,8.326,False
24,2010-04-09,62.06,2.992,,,,,,131.9408065,8.211,False
24,2010-05-28,69.59,3.046,,,,,,132.2939355,8.211,False
24,2010-06-04,71.99,3.006,,,,,,132.3648387,8.211,False
24,2010-06-25,74.9,2.958,,,,,,132.4976,8.211,False
24,2010-07-16,76.56,2.933,,,,,,132.5667742,8.117,False
24,2010-10-15,52.83,2.999,,,,,,132.7633548,8.275,False
24,2010-12-10,27.11,3.255,,,,,,132.6764,8.275,False
24,2011-01-07,30.72,3.351,,,,,,132.8823226,8.252,False
24,2011-03-04,31.36,3.605,,,,,,133.6141429,8.252,False
24,2011-03-18,43.39,3.796,,,,,,133.8492258,8.252,False
24,2011-03-18,43.39,3.796,,,,,,133.8492258,8.252,False
24,2011-05-13,58.49,4.211,,,,,,134.593,8.212,False
24,2011-05-27,65.74,4.134,,,,,,134.7677742,8.212,False
24,2011-06-17,64.34,3.989,,,,,,135.0837333,8.212,False
24,2011-08-26,69.94,3.906,,,,,,136.2136129,8.358,False
24,2011-10-28,48.0,3.757,,,,,,136.4884516,8.454,False
24,2011-10-28,48.0,3.757,,,,,,136.4884516,8.454,False
24,2011-11-11,46.78,3.719,9391.17,20595.49,686.11,5950.16,6034.65,136.4618065,8.454,False
24,2011-12-23,36.93,3.587,1813.06,632.93,1633.67,51.66,1309.54,136.5883871,8.454,False
24,2011-12-30,33.45,3.566,5743.34,44499.08,228.23,1242.49,4310.79,136.6432581,8.454,True
24,2012-01-13,36.5,3.666,3545.34,8743.62,127.43,819.74,4434.08,136.753,8.659,False
24,2012-04-13,48.65,4.187,4765.31,5896.55,57.4,1204.7,3980.37,137.868,8.983,False
24,2012-04-20,61.05,4.17,10959.96,3425.69,79.48,1682.87,4506.82,137.9230667,8.983,False
24,2012-04-20,61.05,4.17,10959.96,3425.69,79.48,1682.87,4506.82,137.9230667,8.983,False
24,2012-04-27,49.26,4.163,12968.26,729.55,39.25,1121.45,15101.9,137.9781333,8.983,False
24,2012-04-27,49.26,4.163,12968.26,729.55,39.25,1121.45,15101.9,137.9781333,8.983,False
24,2012-05-18,63.1,4.029,5955.53,,187.0,1529.05,4424.94,138.1065806,8.983,False
24,2012-05-18,63.1,4.029,5955.53,,187.0,1529.05,4424.94,138.1065806,8.983,False
24,2012-06-22,72.29,3.722,8790.16,749.1,30.57,4434.39,7308.24,138.1629,8.983,False
24,2012-08-10,75.53,3.863,37938.11,798.52,178.81,12823.7,5682.73,138.1437742,8.953,False
24,2012-08-24,68.13,3.997,8778.19,280.89,91.01,8868.81,3798.51,138.2814516,8.953,False
24,2012-09-07,72.81,4.076,15092.87,60.92,89.01,2756.36,4563.61,138.4729355,8.953,True
24,2012-10-12,51.64,4.186,5138.51,,141.88,407.81,3284.69,138.9117,8.693,False
25,2010-02-19,24.16,2.745,,,,,,204.4321004,8.187,False
25,2010-03-05,29.45,2.777,,,,,,204.4940734,8.187,False
25,2010-04-23,46.12,2.902,,,,,,203.6905586,7.856,False
25,2010-04-23,46.12,2.902,,,,,,203.6905586,7.856,False
25,2010-04-30,50.97,2.921,,,,,,203.6503685,7.856,False
25,2010-05-07,63.67,2.966,,,,,,203.6101784,7.856,False
25,2010-08-20,71.81,2.779,,,,,,204.8217044,7.527,False
25,2010-09-10,61.14,2.699,,,,,,204.7266827,7.527,True
25,2010-10-15,54.09,2.868,,,,,,205.0137637,7.484,False
25,2010-11-12,40.68,2.931,,,,,,205.2098614,7.484,False
25,2010-12-31,25.89,3.179,,,,,,204.6432267,7.484,True
25,2011-01-28,18.92,3.237,,,,,,205.3894952,7.343,False
25,2011-02-25,28.36,3.274,,,,,,206.6424093,7.343,False
25,2011-02-25,28.36,3.274,,,,,,206.6424093,7.343,False
25,2011-02-25,28.36,3.274,,,,,,206.6424093,7.343,False
25,2011-04-01,28.5,3.638,,,,,,207.8823043,7.287,False
25,2011-05-13,60.1,4.066,,,,,,208.9599189,7.287,False
25,2011-06-10,71.45,3.881,,,,,,208.1535092,7.287,False
25,2011-07-29,74.72,3.829,,,,,,208.6564699,7.274,False
25,2011-08-12,70.93,3.812,,,,,,208.7820061,7.274,False
25,2011-10-14,58.95,3.541,,,,,,210.4027602,7.082,False
25,2011-12-23,36.56,3.389,2729.99,80.12,1689.22,26.97,3547.38,212.2360401,7.082,False
25,2011-12-30,32.42,3.389,4624.26,49913.53,177.05,407.17,2515.09,212.4035763,7.082,True
25,2011-12-30,32.42,3.389,4624.26,49913.53,177.05,407.17,2515.09,212.4035763,7.082,True
25,2012-03-30,47.92,3.953,10660.1,225.11,1.5,2560.04,4748.1,214.1647079,6.961,False
25,2012-04-27,44.2,4.004,4318.51,5.24,5.83,62.58,1828.28,214.4223063,7.139,False
25,2012-05-25,67.69,3.798,5154.82,,391.45,1581.91,2164.96,214.5499425,7.139,False
25,2012-06-29,69.84,3.506,3374.98,537.8,,712.78,1992.95,214.6466757,7.139,False
25,2012-10-26,56.69,3.882,4805.66,84.19,,1073.49,730.76,216.1515902,7.293,False
26,2010-04-23,39.68,2.895,,,,,,132.0226667,8.512,False
26,2010-05-28,61.65,2.906,,,,,,132.2939355,8.512,False
26,2010-06-11,51.62,2.83,,,,,,132.4357419,8.512,False
26,2010-07-16,67.66,2.796,,,,,,132.5667742,8.445,False
26,2010-11-26,28.11,3.07,,,,,,132.8369333,8.149,True
26,2011-01-07,21.13,3.193,,,,,,132.8823226,7.907,False
26,2011-02-25,16.3,3.281,,,,,,133.4921429,7.907,False
26,2011-02-25,16.3,3.281,,,,,,133.4921429,7.907,False
26,2011-03-11,28.13,3.6,,,,,,133.7361429,7.907,False
26,2011-04-15,39.46,3.823,,,,,,134.2784667,7.818,False
26,2011-04-15,39.46,3.823,,,,,,134.2784667,7.818,False
26,2011-04-29,47.17,3.988,,,,,,134.4357333,7.818,False
26,2011-06-24,56.94,3.851,,,,,,135.2652667,7.818,False
26,2011-08-05,63.16,3.903,,,,,,136.0540323,7.767,False
26,2011-10-07,46.84,3.633,,,,,,136.472,7.598,False
26,2011-12-02,36.74,3.501,3343.0,9.0,955.74,1187.26,14774.79,136.4909333,7.598,False
26,2012-01-20,15.22,3.542,1673.31,3004.75,27.82,153.3,2092.05,136.8564194,7.467,False
26,2012-02-10,23.89,3.655,5858.94,2569.2,13.42,5936.74,5874.01,137.1666774,7.467,True
26,2012-07-06,64.94,3.538,4894.97,230.0,19.39,3309.33,5437.93,138.2296333,7.405,False
26,2012-07-27,64.12,3.701,3025.97,112.64,2.6,376.52,1155.13,138.2033871,7.405,False
26,2012-08-24,62.08,3.874,4507.08,33.6,149.46,1866.46,4685.63,138.2814516,7.405,False
26,2012-09-21,52.68,4.056,6916.18,3.82,,228.31,7025.39,138.6534,7.405,False
26,2012-10-19,43.51,4.0,1697.09,,2.64,106.35,2481.19,138.8336129,7.138,False
27,2010-02-19,32.44,2.909,,,,,,135.4657781,8.237,False
27,2010-04-09,62.62,2.992,,,,,,135.7856359,8.058,False
27,2010-06-18,70.0,2.942,,,,,,136.3243393,8.058,False
27,2010-06-18,70.0,2.942,,,,,,136.3243393,8.058,False
27,2010-08-20,75.16,2.913,,,,,,136.5249182,7.982,False
27,2010-08-27,70.31,2.885,,,,,,136.557015,7.982,False
27,2010-09-24,67.08,2.837,,,,,,136.6317821,7.982,False
27,2010-10-01,70.19,2.84,,,,,,136.6297571,8.021,False
27,2010-10-15,58.38,2.999,,,,,,136.6401935,8.021,False
27,2010-12-03,41.81,3.2,,,,,,136.6075714,8.021,False
27,2011-02-11,30.45,3.416,,,,,,137.1378318,7.827,True
27,2011-06-10,73.26,4.025,,,,,,138.8606382,7.725,False
27,2011-10-28,51.81,3.757,,,,,,140.4447903,7.906,False
27,2011-11-04,44.46,3.738,,,,,,140.4279758,7.906,False
27,2012-02-17,37.24,3.874,14655.15,10670.84,162.82,11286.99,1595.8,141.2140357,8.009,False
27,2012-02-24,41.74,3.917,16993.22,13384.32,9.6,8237.33,9045.21,141.3007857,8.009,False
27,2012-03-02,40.07,3.983,28652.29,3088.37,109.25,35364.08,4464.45,141.3875357,8.009,False
27,2012-06-15,69.52,3.786,9943.48,614.9,15.0,3382.44,6779.57,142.1292548,8.253,False
28,2010-02-05,49.47,2.962,,,,,,126.4420645,13.975,False
28,2010-04-09,59.25,3.09,,,,,,126.6019032,14.099,False
28,2010-05-14,68.44,3.145,,,,,,126.2085484,14.099,False
28,2010-08-27,93.19,3.129,,,,,,126.0892903,14.18,False
28,2010-09-17,82.45,3.028,,,,,,126.1454667,14.18,False
28,2011-01-28,50.74,3.342,,,,,,127.5800323,14.021,False
28,2011-03-04,51.72,3.674,,,,,,128.26475,14.021,False
28,2011-03-11,57.75,3.818,,,,,,128.3995,14.021,False
28,2011-05-06,68.4,4.193,,,,,,129.0444333,13.736,False
28,2011-05-27,76.67,4.087,,,,,,129.0623548,13.736,False
28,2011-06-24,88.95,3.898,,,,,,129.0663,13.736,False
28,2011-07-08,89.9,3.705,,,,,,129.1125,13.503,False
28,2011-08-05,90.61,3.803,,,,,,129.1846452,13.503,False
28,2011-08-19,91.74,3.743,,,,,,129.2405806,13.503,False
28,2011-08-26,94.61,3.74,,,,,,129.2832581,13.503,False
28,2011-09-23,82.95,3.789,,,,,,129.5183333,13.503,False
28,2011-09-23,82.95,3.789,,,,,,129.5183333,13.503,False
28,2011-09-30,83.26,3.877,,,,,,129.6060667,13.503,False
28,2011-10-07,70.44,3.827,,,,,,129.6938,12.89,False
28,2011-11-18,54.2,3.813,6772.46,1654.68,86.01,1068.35,9835.85,129.8268333,12.89,False
28,2011-12-09,42.17,3.644,6628.73,21.0,140.19,6168.78,14073.59,129.8555333,12.89,False
28,2011-12-09,42.17,3.644,6628.73,21.0,140.19,6168.78,14073.59,129.8555333,12.89,False
28,2011-12-23,45.4,3.541,2135.31,1.53,752.34,499.0,5674.11,129.9845484,12.89,False
28,2012-01-06,50.43,3.599,5155.86,19549.51,218.29,636.73,5218.5,130.1575161,12.187,False
28,2012-02-10,52.27,3.722,20097.48,2774.5,66.42,16822.46,8228.86,130.3849032,12.187,True
28,2012-03-30,64.36,4.294,11704.17,57.61,11.85,1537.38,2536.67,130.9670968,12.187,False
28,2012-07-06,89.13,3.765,5618.88,98.6,111.79,2513.36,6421.05,130.7196333,10.926,False
28,2012-08-10,95.91,3.811,8364.4,69.48,30.01,4158.02,3050.7,130.7561613,10.926,False
28,2012-09-28,81.22,3.966,5977.78,7.91,2.16,2458.5,6671.45,131.043,10.926,False
29,2010-03-05,36.82,2.766,,,,,,131.735,10.064,False
29,2010-03-12,43.43,2.805,,,,,,131.784,10.064,False
29,2010-04-23,51.04,2.895,,,,,,132.0226667,10.16,False
29,2010-04-30,50.96,2.935,,,,,,132.0644333,10.16,False
29,2010-04-30,50.96,2.935,,,,,,132.0644333,10.16,False
29,2010-07-09,79.22,2.806,,,,,,132.5461333,10.409,False
29,2010-09-24,65.14,2.718,,,,,,132.7619333,10.409,False
29,2010-10-22,50.24,2.919,,,,,,132.8170968,10.524,False
29,2011-01-21,26.8,3.232,,,,,,133.0285161,10.256,False
29,2011-03-11,41.42,3.6,,,,,,133.7361429,10.256,False
29,2011-03-25,38.77,3.624,,,,,,133.9587419,10.256,False
29,2011-06-03,70.09,3.973,,,,,,134.8551613,9.966,False
29,2011-06-17,63.97,3.873,,,,,,135.0837333,9.966,False
29,2011-07-29,75.32,3.898,,,,,,135.9639355,9.863,False
29,2011-08-19,71.3,3.82,,,,,,136.183129,9.863,False
29,2011-12-02,49.11,3.501,2167.06,,1457.99,820.49,6387.74,136.4909333,9.357,False
29,2011-12-23,39.83,3.413,373.34,5.21,676.82,10.5,1730.4,136.5883871,9.357,False
29,2012-02-10,35.68,3.655,15679.67,2427.87,4.36,4775.31,4026.33,137.1666774,8.988,True
29,2012-03-02,37.47,3.827,12783.88,800.94,1.09,6884.75,1699.2,137.4238966,8.988,False
29,2012-03-02,37.47,3.827,12783.88,800.94,1.09,6884.75,1699.2,137.4238966,8.988,False
29,2012-05-25,62.39,3.85,7467.41,,290.33,309.68,2750.24,138.1101935,9.14,False
29,2012-05-25,62.39,3.85,7467.41,,290.33,309.68,2750.24,138.1101935,9.14,False
29,2012-09-07,73.3,3.921,6434.83,49.02,42.16,1096.81,3319.92,138.4729355,9.419,True
29,2012-09-14,66.42,3.988,5649.87,89.66,4.86,1763.17,4109.45,138.5673,9.419,False
29,2012-09-21,63.38,4.056,2956.4,24.91,4.5,345.81,2110.49,138.6534,9.419,False
29,2012-10-05,62.09,4.027,4727.88,,9.12,676.3,1904.05,138.8256,9.151,False
29,2012-10-19,55.28,4.0,1021.83,,2.28,194.24,3821.21,138.8336129,9.151,False
30,2010-10-22,70.72,2.725,,,,,,211.5187208,8.163,False
30,2010-11-19,51.71,2.771,,,,,,211.5470304,8.163,False
30,2010-12-24,51.29,2.886,,,,,,211.0646599,8.163,False
30,2011-06-03,83.82,3.699,,,,,,214.9254865,7.931,False
30,2011-07-29,91.56,3.682,,,,,,215.1363819,7.852,False
30,2011-08-05,94.22,3.684,,,,,,215.1978515,7.852,False
30,2012-04-20,66.97,3.877,72.85,692.6,0.7,,369.74,221.2021074,6.891,False
30,2012-08-10,89.57,3.494,971.97,,1.03,52.96,2168.04,221.5954138,6.565,False
31,2010-02-05,39.05,2.572,,,,,,210.7526053,8.324,False
31,2010-02-12,37.77,2.548,,,,,,210.8979935,8.324,True
31,2010-05-07,70.87,2.835,,,,,,210.0011018,8.2,False
31,2010-07-16,85.61,2.623,,,,,,210.7577954,8.099,False
31,2010-10-15,68.61,2.72,,,,,,211.4713286,8.163,False
31,2010-11-05,58.71,2.689,,,,,,211.6135053,8.163,False
31,2011-02-18,59.87,3.045,,,,,,212.9033115,8.028,False
31,2011-03-04,59.52,3.288,,,,,,213.4775305,8.028,False
31,2011-04-01,56.36,3.524,,,,,,214.4886908,7.931,False
31,2011-06-10,84.71,3.648,,,,,,214.6964908,7.931,False
31,2011-08-05,94.22,3.684,,,,,,215.1978515,7.852,False
31,2011-11-18,61.9,3.308,6756.03,591.76,71.38,462.18,12533.58,217.8670218,7.441,False
31,2011-12-02,48.72,3.172,5425.3,96.94,1100.35,2779.95,24475.38,218.3590319,7.441,False
31,2012-01-06,48.1,3.157,6105.78,25953.41,91.69,1254.6,6256.02,219.355063,7.057,False
31,2012-02-03,55.83,3.36,60394.73,2578.65,128.54,33529.14,7737.46,219.8118854,7.057,False
31,2012-04-20,66.97,3.877,8373.31,645.86,16.05,311.94,7709.86,221.2021074,6.891,False
31,2012-07-27,88.09,3.407,6694.25,35.94,7.2,8201.22,11721.11,221.5785461,6.565,False
31,2012-08-24,77.72,3.62,6690.73,25.88,0.01,4768.97,7329.68,221.8083518,6.565,False
31,2012-09-07,88.4,3.73,13401.91,61.94,511.63,2215.91,3508.73,222.0747635,6.565,True
31,2012-09-14,76.1,3.717,11871.81,11.76,112.13,1166.35,6254.74,222.2174395,6.565,False
32,2010-04-16,53.49,2.765,,,,,,189.6628845,8.963,False
32,2010-05-21,55.89,2.776,,,,,,189.467827,8.963,False
32,2010-09-17,67.17,2.8,,,,,,190.4688287,9.017,False
32,2010-11-26,29.97,2.742,,,,,,191.0121805,9.137,True
32,2010-11-26,29.97,2.742,,,,,,191.0121805,9.137,True
32,2011-02-25,33.0,3.101,,,,,,191.9647167,8.818,False
32,2011-02-25,33.0,3.101,,,,,,191.9647167,8.818,False
32,2011-03-11,36.51,3.372,,,,,,192.058484,8.818,False
32,2011-07-08,72.56,3.54,,,,,,193.1878448,8.622,False
32,2011-09-02,74.6,3.511,,,,,,194.5092113,8.622,False
32,2011-10-21,48.87,3.548,,,,,,195.1789994,8.513,False
32,2012-02-10,23.34,3.103,19784.57,9309.88,225.85,29483.81,5473.82,196.9195056,8.256,True
32,2012-02-17,24.26,3.113,9434.94,12371.88,39.2,5880.54,7373.13,196.9432711,8.256,False
32,2012-03-09,39.9,3.286,16322.3,1206.5,4.97,17697.9,4305.36,196.9631599,8.256,False
32,2012-05-25,59.74,3.804,7581.03,,216.17,748.97,3014.25,197.5886046,8.09,False
32,2012-08-24,70.12,3.558,5446.99,147.41,127.58,3394.31,5920.55,198.0984199,7.872,False
32,2012-09-21,63.49,3.765,7161.18,88.82,3.0,1011.45,5347.22,198.358523,7.872,False
33,2010-02-19,62.16,2.915,,,,,,126.5262857,10.115,False
33,2010-04-09,68.43,3.004,,,,,,126.6019032,9.849,False
33,2010-04-30,73.29,3.105,,,,,,126.3805667,9.849,False
33,2010-05-14,76.8,3.145,,,,,,126.2085484,9.849,False
33,2011-03-11,66.51,3.63,,,,,,128.3995,8.951,False
33,2011-03-25,63.34,3.716,,,,,,128.6160645,8.951,False
33,2011-05-06,77.92,4.193,,,,,,129.0444333,8.687,False
33,2011-07-15,92.83,3.779,,,,,,129.1338387,8.442,False
33,2011-12-09,47.7,3.644,9.88,,6.93,,1580.88,129.8555333,8.01,False
33,2012-06-22,95.75,4.014,213.64,,,,2346.53,130.7929,7.396,False
33,2012-07-20,91.49,3.589,648.02,,,,959.57,130.7012903,7.147,False
33,2012-07-27,93.95,3.769,24.71,,,,1205.27,130.7195806,7.147,False
33,2012-09-28,86.42,3.966,167.65,,,,1569.73,131.043,7.147,False
34,2010-04-16,59.18,2.81,,,,,,126.5621,9.593,False
34,2010-04-23,55.04,2.805,,,,,,126.4713333,9.593,False
34,2010-05-07,57.39,2.836,,,,,,126.2898,9.593,False
34,2010-11-12,47.2,2.741,,,,,,126.5461613,10.21,False
34,2011-01-28,34.68,3.022,,,,,,127.5800323,10.398,False
34,2011-03-18,55.58,3.495,,,,,,128.5121935,10.398,False
34,2011-04-01,55.46,3.521,,,,,,128.7199355,10.581,False
34,2011-05-13,63.05,3.872,,,,,,129.089,10.581,False
34,2011-05-27,65.99,3.771,,,,,,129.0623548,10.581,False
34,2011-06-10,74.57,3.64,,,,,,129.0357097,10.581,False
34,2011-06-17,76.58,3.618,,,,,,129.0432,10.581,False
34,2011-06-24,77.16,3.57,,,,,,129.0663,10.581,False
34,2011-06-24,77.16,3.57,,,,,,129.0663,10.581,False
34,2011-07-15,78.09,3.563,,,,,,129.1338387,10.641,False
34,2011-07-22,80.75,3.627,,,,,,129.1507742,10.641,False
34,2011-08-05,76.71,3.662,,,,,,129.1846452,10.641,False
34,2011-10-14,54.72,3.283,,,,,,129.7706452,10.148,False
34,2011-11-04,48.04,3.322,,,,,,129.8051935,10.148,False
34,2011-11-18,46.0,3.294,4673.94,1014.27,132.18,799.24,5734.11,129.8268333,10.148,False
34,2011-12-30,28.84,3.119,3312.59,21909.93,210.22,146.1,3299.3,130.0710323,10.148,True
34,2012-02-24,39.89,3.541,5674.77,3367.59,2.6,1389.89,3919.46,130.5502069,9.653,False
34,2012-03-02,42.74,3.619,9511.41,469.84,2.8,6593.25,4281.12,130.6457931,9.653,False
34,2012-03-02,42.74,3.619,9511.41,469.84,2.8,6593.25,4281.12,130.6457931,9.653,False
34,2012-05-11,61.92,3.685,11342.48,,29.11,1214.28,1983.03,131.1453333,9.575,False
34,2012-06-01,70.41,3.483,10054.19,,128.85,87.9,5049.13,130.9592258,9.575,False
34,2012-06-22,78.85,3.329,4673.0,169.0,,1561.36,4524.99,130.7929,9.575,False
34,2012-07-27,77.3,3.356,3124.08,92.22,0.36,1720.84,3878.36,130.7195806,9.285,False
34,2012-07-27,77.3,3.356,3124.08,92.22,0.36,1720.84,3878.36,130.7195806,9.285,False
34,2012-08-03,78.93,3.374,9386.73,45.0,37.88,4384.73,4169.76,130.737871,9.285,False
34,2012-09-28,67.06,3.666,2282.47,3.82,0.22,198.21,2618.07,131.043,9.285,False
35,2010-02-05,27.19,2.784,,,,,,135.3524608,9.262,False
35,2010-02-12,29.81,2.773,,,,,,135.4113076,9.262,True
35,2010-04-30,53.55,2.921,,,,,,135.9170833,9.051,False
35,2010-05-07,69.02,2.966,,,,,,135.962,9.051,False
35,2010-07-23,81.56,2.771,,,,,,136.4366924,8.861,False
35,2011-01-21,30.13,3.229,,,,,,136.8870657,8.549,False
35,2011-03-11,43.64,3.582,,,,,,137.6269617,8.549,False
35,2011-04-01,37.27,3.638,,,,,,137.9558929,8.512,False
35,2011-06-17,67.03,3.842,,,,,,139.0028333,8.512,False
35,2011-06-24,72.02,3.804,,,,,,139.1832917,8.512,False
35,2011-08-05,78.14,3.842,,,,,,139.9896486,8.684,False
35,2011-08-26,72.88,3.704,,,,,,140.1629528,8.684,False
35,2011-09-30,70.92,3.645,,,,,,140.381,8.684,False
35,2011-11-11,49.69,3.53,22242.79,13392.67,1134.49,2951.74,5421.27,140.4111613,8.745,False
35,2011-12-30,37.85,3.389,6742.63,34766.99,163.27,961.0,2074.13,140.5874505,8.745,True
35,2012-01-27,36.96,3.567,2798.44,2928.52,1.46,446.0,9008.25,140.9124021,8.744,False
35,2012-03-30,49.4,3.953,19560.85,77.41,7.4,4081.77,3629.96,141.6990864,8.744,False
35,2012-03-30,49.4,3.953,19560.85,77.41,7.4,4081.77,3629.96,141.6990864,8.744,False
35,2012-05-18,65.15,3.848,8475.44,,2.87,2133.81,2904.46,142.0970115,8.876,False
35,2012-06-01,73.4,3.742,12469.08,,9.66,3040.28,5859.48,142.1095438,8.876,False
35,2012-07-27,76.01,3.647,5446.22,,10.88,6221.18,2764.62,142.2126924,8.839,False
35,2012-10-12,55.4,4.0,1524.37,,5.33,558.26,6097.45,142.9376167,8.665,False
35,2012-10-19,56.53,3.969,2694.71,,4.98,526.09,2051.88,142.8633629,8.665,False
36,2010-02-26,50.87,2.52,,,,,,210.0771885,8.554,False
36,2010-02-26,50.87,2.52,,,,,,210.0771885,8.554,False
36,2010-04-16,66.74,2.769,,,,,,209.2691428,8.464,False
36,2010-05-14,77.53,2.805,,,,,,209.118536,8.464,False
36,2010-05-21,77.34,2.767,,,,,,209.3922937,8.464,False
36,2010-06-18,84.37,2.572,,,,,,210.2108417,8.464,False
36,2010-11-26,67.73,2.725,,,,,,210.5152765,8.476,True
36,2010-12-24,59.1,2.863,,,,,,210.1805602,8.476,False
36,2011-04-08,69.39,3.645,,,,,,213.8116658,8.3,False
36,2011-05-06,69.56,3.917,,,,,,214.5240376,8.3,False
36,2011-12-02,53.57,3.164,,,10.0,,624.31,217.4229206,7.716,False
36,2012-01-06,57.18,3.129,5.92,2257.39,2.86,,1024.9,218.4062876,7.244,False
36,2012-01-13,56.28,3.254,15.85,1402.86,7.04,,858.31,218.5823389,7.244,False
36,2012-08-31,84.79,3.608,156.18,,,,329.61,220.9853964,6.623,False
36,2012-10-05,73.57,3.611,211.09,,,,1007.44,221.8533396,6.228,False
37,2010-05-21,77.34,2.826,,,,,,209.3922937,8.464,False
37,2010-06-11,82.3,2.668,,,,,,210.2135668,8.464,False
37,2010-06-18,84.37,2.637,,,,,,210.2108417,8.464,False
37,2011-05-13,76.73,3.899,,,,,,214.6899778,8.3,False
37,2011-09-23,78.35,3.467,,,,,,215.1233185,8.177,False
37,2011-10-14,74.16,3.274,,,,,,216.0885258,7.716,False
37,2011-11-04,58.97,3.332,,,,,,216.5634344,7.716,False
37,2011-12-23,55.41,3.112,158.11,,7.5,,1316.88,218.0541851,7.716,False
37,2012-02-03,61.33,3.36,1416.62,11.62,93.34,132.22,1757.37,218.8619099,7.244,False
37,2012-02-10,54.49,3.409,264.34,3.0,40.01,,2147.95,218.9551002,7.244,True
37,2012-07-20,81.76,3.311,67.7,,3.97,,1634.33,220.6148749,6.623,False
37,2012-08-17,85.89,3.571,170.08,,13.16,,792.21,220.7199609,6.623,False
38,2010-03-05,53.77,2.987,,,,,,126.5782857,13.975,False
38,2010-07-16,97.18,3.094,,,,,,126.1498065,14.18,False
38,2010-12-17,52.77,3.236,,,,,,126.8794839,14.313,False
38,2010-12-31,45.64,3.148,,,,,,127.0876774,14.313,True
38,2011-05-27,76.67,4.087,,,,,,129.0623548,13.736,False
38,2011-05-27,76.67,4.087,,,,,,129.0623548,13.736,False
38,2011-07-01,89.85,3.842,,,,,,129.0894,13.503,False
38,2011-07-01,89.85,3.842,,,,,,129.0894,13.503,False
38,2011-09-23,82.95,3.789,,,,,,129.5183333,13.503,False
38,2012-02-24,53.13,3.95,102.49,328.86,,2.86,2435.31,130.5502069,12.187,False
38,2012-03-30,64.36,4.294,212.26,0.5,,28.77,1121.52,130.9670968,12.187,False
38,2012-05-04,76.03,4.171,84.67,,13.06,,2346.63,131.136,11.627,False
38,2012-05-18,84.51,4.11,219.38,,,,1472.86,131.0983226,11.627,False
38,2012-06-08,84.83,4.103,491.31,,11.8,,1999.19,130.8896774,11.627,False
38,2012-06-29,90.47,3.875,350.56,,,26.87,1447.29,130.7562667,11.627,False
38,2012-07-20,85.53,3.726,75.04,,0.19,,1281.95,130.7012903,10.926,False
38,2012-07-20,85.53,3.726,75.04,,0.19,,1281.95,130.7012903,10.926,False
38,2012-07-27,93.47,3.769,0.27,,,,1622.77,130.7195806,10.926,False
38,2012-08-03,88.16,3.76,525.42,,16.93,49.05,1689.86,130.737871,10.926,False
38,2012-08-03,88.16,3.76,525.42,,16.93,49.05,1689.86,130.737871,10.926,False
38,2012-08-10,95.91,3.811,193.46,,4.78,45.18,1781.51,130.7561613,10.926,False
38,2012-10-05,81.61,3.966,266.02,,6.0,,1830.67,131.0756667,10.199,False
39,2010-03-26,54.83,2.732,,,,,,209.7870932,8.554,False
39,2010-05-21,76.67,2.826,,,,,,209.3922937,8.464,False
39,2010-05-28,80.22,2.759,,,,,,209.6660514,8.464,False
39,2010-07-09,81.1,2.642,,,,,,209.8708867,8.36,False
39,2010-10-08,64.8,2.633,,,,,,210.5144398,8.476,False
39,2010-12-03,53.55,2.708,,,,,,210.376263,8.476,False
39,2010-12-31,52.45,2.943,,,,,,210.182398,8.476,True
39,2010-12-31,52.45,2.943,,,,,,210.182398,8.476,True
39,2010-12-31,52.45,2.943,,,,,,210.182398,8.476,True
39,2011-02-18,58.2,3.045,,,,,,212.0063522,8.395,False
39,2011-03-25,71.17,3.473,,,,,,213.3436744,8.395,False
39,2011-07-01,84.93,3.524,,,,,,213.9324122,8.177,False
39,2011-10-21,67.65,3.353,,,,,,216.2468287,7.716,False
39,2011-11-18,66.09,3.308,3378.96,215.22,162.51,486.32,6941.94,216.9395861,7.716,False
39,2012-01-13,54.66,3.261,7924.93,13698.33,83.04,477.43,10488.23,218.5823389,7.244,False
39,2012-02-17,52.75,3.51,15632.4,6962.91,24.9,6631.5,23647.05,219.1148297,7.244,False
39,2012-07-27,82.89,3.407,1476.42,77.44,7.24,1008.3,35419.19,220.6234054,6.623,False
39,2012-08-03,84.05,3.417,25778.96,173.2,51.52,24900.66,4573.34,220.6319358,6.623,False
39,2012-08-17,84.72,3.571,2549.92,133.06,2.33,4623.71,4609.77,220.7199609,6.623,False
39,2012-09-07,83.71,3.73,22865.19,31.76,197.48,1883.05,10351.49,221.1181142,6.623,True
39,2012-09-14,76.71,3.717,9997.12,4.0,67.58,1208.44,18054.35,221.2601207,6.623,False
40,2010-02-19,27.84,2.747,,,,,,131.637,5.892,False
40,2010-05-14,45.5,2.983,,,,,,132.152129,5.435,False
40,2010-08-06,69.16,2.792,,,,,,132.6141935,5.326,False
40,2011-01-28,9.51,3.243,,,,,,133.1059677,5.114,False
40,2011-02-25,16.5,3.281,,,,,,133.4921429,5.114,False
40,2011-04-08,34.77,3.72,,,,,,134.1777742,4.781,False
40,2011-06-03,66.16,3.973,,,,,,134.8551613,4.781,False
40,2011-06-17,59.16,3.873,,,,,,135.0837333,4.781,False
40,2011-06-17,59.16,3.873,,,,,,135.0837333,4.781,False
40,2011-07-15,68.9,3.827,,,,,,135.7837419,4.584,False
40,2011-08-05,68.1,3.903,,,,,,136.0540323,4.584,False
40,2011-10-07,50.21,3.633,,,,,,136.472,4.42,False
40,2012-03-30,36.25,3.921,7182.51,120.76,9.34,2017.53,2449.78,137.7261935,4.261,False
40,2012-06-08,55.78,3.746,7338.72,324.8,44.64,2067.65,7482.97,138.1174194,4.125,False
40,2012-06-15,63.39,3.683,5288.06,244.82,42.74,1165.96,3695.1,138.1295333,4.125,False
40,2012-07-20,70.45,3.61,2418.7,89.01,9.52,1450.08,2263.49,138.2331935,4.156,False
40,2012-08-10,70.09,3.772,10965.65,130.69,0.32,4849.39,2266.63,138.1437742,4.156,False
41,2010-02-19,24.13,2.55,,,,,,189.5340998,7.541,False
41,2010-04-30,40.2,2.766,,,,,,189.575127,7.363,False
41,2010-05-14,40.23,2.788,,,,,,189.4904116,7.363,False
41,2010-05-28,56.97,2.737,,,,,,189.4452425,7.363,False
41,2010-10-29,42.16,2.748,,,,,,190.951728,7.508,False
41,2011-01-07,23.76,2.882,,,,,,191.3683815,7.241,False
41,2011-02-04,14.56,3.011,,,,,,191.7625895,7.241,False
41,2011-03-18,40.19,3.406,,,,,,192.1237981,7.241,False
41,2011-05-06,41.2,3.735,,,,,,192.7252006,6.934,False
41,2011-09-16,54.82,3.596,,,,,,194.7419707,6.901,False
41,2011-09-23,55.06,3.581,,,,,,194.8099713,6.901,False
41,2012-01-13,27.49,3.077,1934.8,14627.46,112.2,542.89,4044.44,196.7330517,6.589,False
41,2012-01-27,33.15,3.038,2464.6,2126.51,112.01,129.54,817.31,196.8262786,6.589,False
41,2012-05-04,52.86,3.903,10188.76,,308.08,5903.45,2996.97,197.6063534,6.547,False
41,2012-05-04,52.86,3.903,10188.76,,308.08,5903.45,2996.97,197.6063534,6.547,False
41,2012-05-18,55.24,3.837,6415.86,,179.28,998.25,2976.99,197.5553137,6.547,False
41,2012-06-22,66.88,3.735,6390.33,753.88,8.58,3431.59,4741.92,197.7389345,6.547,False
41,2012-06-22,66.88,3.735,6390.33,753.88,8.58,3431.59,4741.92,197.7389345,6.547,False
41,2012-07-20,74.06,3.585,4142.86,102.5,23.84,1362.4,5518.54,197.9290378,6.432,False
41,2012-09-21,59.81,3.765,11062.12,72.64,6.0,1125.21,7962.34,198.358523,6.432,False
42,2010-04-23,66.42,3.05,,,,,,126.4713333,9.524,False
42,2010-07-23,88.44,3.112,,,,,,126.1283548,9.199,False
42,2010-09-03,83.8,3.087,,,,,,126.1019355,9.199,False
42,2010-10-22,68.12,3.014,,,,,,126.3815484,9.003,False
42,2010-12-31,49.67,3.148,,,,,,127.0876774,9.003,True
42,2011-10-21,77.91,3.842,,,,,,129.7821613,7.874,False
42,2011-11-25,60.68,3.76,25.8,,4.7,,1932.72,129.8364,7.874,True
42,2012-01-06,59.85,3.443,2.91,2655.21,77.86,,649.61,130.1575161,7.545,False
42,2012-02-17,54.12,3.781,66.87,736.8,3.94,,996.28,130.4546207,7.545,False
42,2012-02-17,54.12,3.781,66.87,736.8,3.94,,996.28,130.4546207,7.545,False
42,2012-03-16,62.11,4.273,438.48,1.5,2.35,,2251.09,130.8261935,7.545,False
42,2012-04-20,67.75,4.111,82.23,169.55,16.1,,642.71,131.1173333,7.382,False
42,2012-04-27,80.11,4.088,685.44,,12.09,,512.76,131.1266667,7.382,False
42,2012-08-10,90.78,3.811,69.32,,18.08,,353.19,130.7561613,7.17,False
42,2012-10-05,80.88,4.132,479.07,,6.0,10.64,2565.13,131.0756667,6.943,False
43,2010-09-17,78.86,2.582,,,,,,203.4499286,9.816,False
43,2011-05-13,76.03,3.899,,,,,,207.7281429,10.581,False
43,2011-05-27,80.89,3.786,,,,,,207.3119816,10.581,False
43,2011-09-02,87.84,3.533,,,,,,207.6206959,10.641,False
43,2011-09-23,78.98,3.467,,,,,,208.1642143,10.641,False
43,2011-12-02,47.49,3.172,14.82,,6.11,,1707.13,210.3126071,10.148,False
43,2012-01-13,43.68,3.261,894.04,209.71,32.36,,1191.88,211.4115714,9.653,False
43,2012-01-20,52.72,3.268,320.8,24.36,31.72,,153.04,211.4997811,9.653,False
43,2012-05-18,72.06,3.63,939.16,,,,1477.98,213.1753618,9.575,False
43,2012-05-18,72.06,3.63,939.16,,,,1477.98,213.1753618,9.575,False
43,2012-06-08,85.73,3.452,446.4,,3.96,,1732.71,213.1702811,9.575,False
43,2012-07-27,82.01,3.407,22.35,,1.19,,1452.64,213.3303963,9.285,False
44,2010-04-09,38.97,2.877,,,,,,126.6019032,7.972,False
44,2010-07-30,78.94,2.797,,,,,,126.1069032,7.804,False
44,2010-09-24,68.22,2.872,,,,,,126.1900333,7.804,False
44,2011-07-01,74.29,3.613,,,,,,129.0894,6.56,False
44,2011-09-16,67.54,3.641,,,,,,129.4306,6.56,False
44,2011-09-30,68.28,3.623,,,,,,129.6060667,6.56,False
44,2011-12-16,27.85,3.282,29.4,,6.75,,1041.62,129.8980645,6.078,False
44,2012-04-06,48.85,3.793,253.38,,11.76,,512.25,131.0375484,5.621,False
44,2012-04-20,50.24,3.845,58.34,0.73,7.7,,402.9,131.1173333,5.621,False
44,2012-05-04,54.41,3.831,513.1,,8.62,,529.55,131.136,5.621,False
44,2012-10-05,61.79,3.815,417.9,,0.02,,496.52,131.0756667,5.217,False
45,2010-03-12,45.8,2.818,,,,,,182.1628441,8.992,False
45,2010-05-28,69.27,2.899,,,,,,182.0464181,8.899,False
45,2010-08-27,71.36,2.755,,,,,,182.6104063,8.743,False
45,2010-12-17,30.51,3.14,,,,,,182.517732,8.724,False
45,2011-03-04,38.65,3.433,,,,,,184.3879911,8.549,False
45,2011-04-08,48.71,3.72,,,,,,185.3636656,8.521,False
45,2011-06-03,76.38,3.922,,,,,,185.7545,8.521,False
45,2011-06-10,73.88,3.881,,,,,,185.6486923,8.521,False
45,2011-06-24,74.85,3.804,,,,,,185.7919609,8.521,False
45,2011-08-19,72.98,3.747,,,,,,186.5093071,8.625,False
45,2011-08-26,72.55,3.704,,,,,,186.5641172,8.625,False
45,2011-09-23,63.75,3.711,,,,,,187.0295321,8.625,False
45,2011-12-23,42.27,3.389,797.1,89.14,1962.19,17.0,2985.51,188.9299752,8.523,False
45,2012-05-11,61.24,3.889,12611.18,,21.36,1667.39,2313.12,190.9764167,8.567,False
45,2012-05-18,66.3,3.848,6813.74,,13.86,936.49,2941.55,190.9964479,8.567,False
45,2012-05-25,67.21,3.798,5370.39,,361.22,1287.62,2461.81,191.0028096,8.567,False
45,2012-06-01,74.48,3.742,10643.62,48.2,201.56,2599.35,1856.97,191.0091712,8.567,False
45,2012-06-01,74.48,3.742,10643.62,48.2,201.56,2599.35,1856.97,191.0091712,8.567,False
45,2012-09-14,67.87,3.948,11407.95,,4.3,3421.72,5268.92,191.69985,8.684,False
45,2012-09-21,65.32,4.038,8452.2,92.28,63.24,2376.38,8670.4,191.8567038,8.684,False
45,2012-10-26,58.85,3.882,4018.91,58.08,100.0,211.94,858.33,192.3088989,8.667,False
45,2012-10-26,58.85,3.882,4018.91,58.08,100.0,211.94,858.33,192.3088989,8.667,False
